{"cameraMode":{"drawMode":0,"name":"Shaded","section":"Shading Mode"},"sceneLighting":true,"audioPlay":false,"sceneViewState":{"m_AlwaysRefresh":false,"showFog":true,"showSkybox":true,"showFlares":true,"showImageEffects":true,"showParticleSystems":true,"showVisualEffectGraphs":true,"m_FxEnabled":true},"in2DMode":false,"pivot":{"x":1.0113425254821778,"y":-1.424463152885437,"z":3.6966500282287599},"rotation":{"x":-0.024292005226016046,"y":-0.035385798662900928,"z":0.000862913322634995,"w":-0.9990894794464111},"size":4.547957420349121,"orthographic":false}