{"cameraMode":{"drawMode":0,"name":"Shaded","section":"Shading Mode"},"sceneLighting":true,"audioPlay":false,"sceneViewState":{"m_AlwaysRefresh":false,"showFog":true,"showSkybox":true,"showFlares":true,"showImageEffects":true,"showParticleSystems":true,"showVisualEffectGraphs":true,"m_FxEnabled":true},"in2DMode":false,"pivot":{"x":-0.04874878376722336,"y":5.884533405303955,"z":1.1879127025604249},"rotation":{"x":0.04467172175645828,"y":-0.012889808975160122,"z":-0.0005767573602497578,"w":-0.9989212155342102},"size":12.83377456665039,"orthographic":false}